z,alpha_iso,alpha_iso_err,alpha_perp,alpha_perp_err,alpha_parallel,alpha_parallel_err
0.240,0.9900,0.0105,0.9700,0.0250,0.630,0.017
0.450,0.9885,0.0092,0.9600,0.0285,0.645,0.019
0.650,0.9800,0.0078,0.9780,0.0245,0.878,0.020
0.850,0.9920,0.0063,1.0120,0.0175,1.208,0.018
1.100,0.9895,0.0075,1.0190,0.0225,1.828,0.041
1.350,1.0035,0.0135,1.0010,0.0515,2.275,0.122
1.700,0.9980,0.0102,0.9890,0.0325,3.145,0.083
2.000,0.9960,0.0108,1.0060,0.0275,3.895,0.092
2.300,0.9940,0.0088,1.0090,0.0225,4.745,0.102
